match_id,player_id,position_name,minute,Own Goal For,Own Goal Against,label,match_id,player_id,true,prob,pred
15946,3501,Left Wing,11164,0,0,0,15946,3501,0,0.0666925460598542,0
15946,5203,Center Defensive Midfield,10421,0,0,0,15946,5203,0,0.0066619466581444,0
15946,5211,Left Back,15540,0,0,0,15946,5211,0,0.0019603776978456,0
15946,5213,Right Center Back,8236,0,0,0,15946,5213,0,0.0637690223684542,0
15946,5246,Center Forward,6148,0,0,0,15946,5246,0,0.158769934409222,0
15946,5470,Center Defensive Midfield,17032,0,0,0,15946,5470,0,0.0005864905020508,0
15946,5477,Left Wing,8313,0,0,0,15946,5477,0,0.007127250180358,0
15946,5492,Left Center Back,7676,0,0,0,15946,5492,0,0.0631754195612719,0
15946,5503,Right Wing,13636,0,0,0,15946,5503,0,0.0010034010436915,0
15946,6374,Right Back,2093,0,0,0,15946,6374,0,0.5262410105583846,0
15946,6379,Right Back,12426,0,0,0,15946,6379,0,0.0158385305025587,0
15946,6566,Right Center Forward,1811,0,0,0,15946,6566,0,0.80740503769262,1
15946,6581,Left Midfield,2836,0,0,1,15946,6581,1,0.9113640902257047,1
15946,6612,Left Back,3970,0,0,0,15946,6612,0,0.4131405057012368,0
15946,6613,Left Center Forward,2471,0,0,1,15946,6613,1,0.7532208734265078,1
15946,6615,Right Center Back,1834,0,0,0,15946,6615,0,0.6991421229913107,0
15946,6617,Right Midfield,4759,0,0,0,15946,6617,0,0.1803943158121282,0
15946,6618,Right Back,3005,0,0,0,15946,6618,0,0.3985376622072932,0
15946,6624,Left Center Forward,3558,0,0,0,15946,6624,0,0.661347426207651,0
15946,6626,Right Defensive Midfield,4001,0,0,0,15946,6626,0,0.4855089564680476,0
15946,6629,Goalkeeper,3122,0,0,0,15946,6629,0,0.4905486130333529,0
15946,6632,Left Defensive Midfield,4817,0,0,0,15946,6632,0,0.479921301390901,0
15946,6839,Center Defensive Midfield,1699,0,0,0,15946,6839,0,0.7736914338134318,1
15946,6855,Left Center Back,2676,0,0,0,15946,6855,0,0.3905491566820068,0
15946,6935,Left Midfield,2307,0,0,1,15946,6935,1,0.7767774203021701,1
15946,8206,Right Center Midfield,1934,0,0,0,15946,8206,0,0.8149292154532765,1
15946,11392,Left Center Midfield,4483,0,0,0,15946,11392,0,0.5836221135940887,0
15946,20055,Goalkeeper,3387,0,0,0,15946,20055,0,0.6146994863472139,0
15956,3109,Left Midfield,447,0,0,1,15956,3109,1,0.8653165821370418,1
15956,3501,Left Midfield,5643,0,0,0,15956,3501,0,0.0781148982034337,0
15956,5203,Left Defensive Midfield,7264,0,0,0,15956,5203,0,0.0291231687875642,0
15956,5211,Left Back,7906,0,0,0,15956,5211,0,0.0606195996184194,0
15956,5213,Right Center Back,9207,0,0,0,15956,5213,0,0.0075109479295894,0
15956,5246,Left Center Forward,3748,0,0,0,15956,5246,0,0.4270699908662664,0
15956,5470,Right Defensive Midfield,7846,0,0,0,15956,5470,0,0.0625631998407929,0
15956,5477,Right Midfield,5836,0,0,0,15956,5477,0,0.0477783466487097,0
15956,5492,Left Center Back,4365,0,0,0,15956,5492,0,0.3402022457093446,0
15956,5503,Right Center Forward,7539,0,0,0,15956,5503,0,0.0536537904999277,0
15956,6379,Right Back,9900,0,0,0,15956,6379,0,0.0219334789955526,0
15956,6616,Left Center Forward,466,0,0,1,15956,6616,1,0.8780747137114596,1
15956,6742,Right Midfield,4109,0,0,1,15956,6742,1,0.7970351351066437,1
15956,6760,Right Center Forward,4100,0,0,1,15956,6760,1,0.6078905150511602,0
15956,7699,Left Midfield,1177,0,0,1,15956,7699,1,0.8309013448109286,1
15956,8206,Right Midfield,3431,0,0,0,15956,8206,0,0.6348538226827751,0
15956,8419,Right Center Forward,3306,0,0,0,15956,8419,0,0.7717898193571839,1
15956,11291,Left Midfield,5427,0,0,0,15956,11291,0,0.2095510688205117,0
15956,11293,Left Center Back,5514,0,0,0,15956,11293,0,0.2391418190688503,0
15956,11294,Center Defensive Midfield,2049,0,0,1,15956,11294,1,0.7321095981721613,1
15956,11296,Left Center Forward,7004,0,0,0,15956,11296,0,0.1626272058501789,0
15956,11297,Right Back,3554,0,0,0,15956,11297,0,0.1588756644076365,0
15956,11298,Left Back,9226,0,0,0,15956,11298,0,0.1423616088860775,0
15956,11300,Left Defensive Midfield,8986,0,0,0,15956,11300,0,0.0459950729439471,0
15956,11302,Goalkeeper,3272,0,0,0,15956,11302,0,0.5460377110919046,0
15956,11303,Right Defensive Midfield,5543,0,0,0,15956,11303,0,0.1178401656014219,0
15956,11304,Right Center Back,4899,0,0,0,15956,11304,0,0.2176677857166783,0
15956,20055,Goalkeeper,3287,0,0,0,15956,20055,0,0.4280282829675962,0
15973,3501,Left Midfield,11249,0,0,0,15973,3501,0,0.0113748166339082,0
15973,5203,Left Defensive Midfield,5525,0,0,0,15973,5203,0,0.0111898709882503,0
15973,5211,Left Back,8611,0,0,0,15973,5211,0,0.0671147140629016,0
15973,5213,Right Center Back,8530,0,0,0,15973,5213,0,0.0737205407629224,0
15973,5246,Left Center Forward,5822,0,0,0,15973,5246,0,0.156094772834533,0
15973,5470,Right Center Midfield,7074,0,0,0,15973,5470,0,0.1067973171332462,0
15973,5477,Right Midfield,9044,0,0,0,15973,5477,0,0.0200646770912806,0
15973,5492,Left Center Back,4303,0,0,0,15973,5492,0,0.2259694610940923,0
15973,5503,Right Center Forward,12685,0,0,0,15973,5503,0,0.0035189728522568,0
15973,6379,Right Back,8952,0,0,0,15973,6379,0,0.0917036970178285,0
15973,6734,Left Back,5424,0,0,0,15973,6734,0,0.1234071152934145,0
15973,6788,Left Center Back,1956,0,0,1,15973,6788,1,0.6708732000789946,0
15973,6826,Left Center Back,4106,0,0,1,15973,6826,1,0.6741898817188461,0
15973,6857,Right Center Back,1898,0,0,1,15973,6857,1,0.8214851768011747,1
15973,8206,Right Defensive Midfield,6629,0,0,0,15973,8206,0,0.3882031143311495,0
15973,9747,Goalkeeper,3286,0,0,0,15973,9747,0,0.548834516054003,0
15973,11392,Left Defensive Midfield,3928,0,0,0,15973,11392,0,0.658357159878339,0
15973,11669,Left Defensive Midfield,7436,0,0,0,15973,11669,0,0.0069661354042531,0
15973,11671,Center Forward,2418,0,0,1,15973,11671,1,0.7395701059603449,1
15973,11672,Right Center Forward,1543,0,0,1,15973,11672,1,0.8428791243960713,1
15973,11673,Right Midfield,2512,0,0,0,15973,11673,0,0.4976760690298186,0
15973,11674,Right Defensive Midfield,5316,0,0,0,15973,11674,0,0.4846075370880092,0
15973,11675,Center Attacking Midfield,6454,0,0,0,15973,11675,0,0.2148510323713033,0
15973,11676,Right Midfield,5275,0,0,0,15973,11676,0,0.0985370186849544,0
15973,11677,Right Back,3761,0,1,0,15973,11677,0,0.0353113423012656,0
15973,11678,Center Forward,2620,0,0,0,15973,11678,0,0.6156347279754215,0
15973,12554,Left Midfield,3055,0,0,0,15973,12554,0,0.7655085470752107,1
15973,20055,Goalkeeper,2715,0,0,0,15973,20055,0,0.6205119704330136,0
15978,3042,Left Defensive Midfield,2779,0,0,0,15978,3042,0,0.8062150091964521,1
15978,3501,Left Wing,10618,0,0,0,15978,3501,0,0.0223631784451636,0
15978,5203,Center Defensive Midfield,8880,0,0,0,15978,5203,0,0.0909894610785548,0
15978,5211,Left Back,7043,0,0,0,15978,5211,0,0.0638094910433298,0
15978,5213,Right Center Back,10774,0,0,0,15978,5213,0,0.0461273565819522,0
15978,5246,Center Forward,5266,0,0,0,15978,5246,0,0.3298682036255944,0
15978,5470,Right Center Midfield,14381,0,0,0,15978,5470,0,0.0025896747552226,0
15978,5477,Left Wing,6685,0,0,0,15978,5477,0,0.107495946049191,0
15978,5492,Left Center Back,10437,0,0,0,15978,5492,0,0.0020095858638584,0
15978,5503,Right Wing,12830,0,0,0,15978,5503,0,0.0153620671119249,0
15978,5573,Left Center Back,4091,0,0,0,15978,5573,0,0.4486107794087062,0
15978,6374,Right Back,3248,0,0,0,15978,6374,0,0.3057392293096596,0
15978,6379,Right Back,9523,0,0,0,15978,6379,0,0.0216955427369613,0
15978,6605,Right Back,4850,0,0,0,15978,6605,0,0.3408683684838529,0
15978,6669,Left Midfield,4619,0,0,0,15978,6669,0,0.3715866580042012,0
15978,6671,Left Defensive Midfield,5406,0,0,1,15978,6671,1,0.8151727700721465,1
15978,6676,Right Defensive Midfield,5489,0,0,0,15978,6676,0,0.1011134381363264,0
15978,6679,Right Center Back,4136,0,0,1,15978,6679,1,0.1795516561520029,0
15978,6685,Right Midfield,5034,0,0,0,15978,6685,0,0.1011877681587808,0
15978,6694,Goalkeeper,4456,0,0,0,15978,6694,0,0.4850662866791869,0
15978,6695,Left Center Forward,4075,0,0,0,15978,6695,0,0.3119840313793923,0
15978,6704,Left Back,5793,0,0,0,15978,6704,0,0.2209401308440499,0
15978,6899,Left Midfield,5945,0,0,0,15978,6899,0,0.2756019384072185,0
15978,6906,Right Center Forward,1392,0,0,1,15978,6906,1,0.886357304525659,1
15978,6998,Right Center Midfield,4545,0,0,0,15978,6998,0,0.0789748758646403,0
15978,8206,Left Center Midfield,2784,0,0,0,15978,8206,0,0.7962978026123803,1
15978,16210,Left Midfield,1626,0,0,0,15978,16210,0,0.8423000380300433,1
15978,20055,Goalkeeper,4862,0,0,0,15978,20055,0,0.4756166201201041,0
15986,3501,Left Center Midfield,7530,0,0,0,15986,3501,0,0.1009756829850712,0
15986,5203,Center Defensive Midfield,15101,0,0,0,15986,5203,0,0.0056848185980491,0
15986,5211,Left Back,9024,0,0,0,15986,5211,0,0.1545704978136855,0
15986,5213,Right Center Back,14748,0,0,0,15986,5213,0,1.1832648385465516e-05,0
15986,5246,Left Center Forward,6545,0,0,0,15986,5246,0,0.1271647119944289,0
15986,5470,Right Center Midfield,5651,0,0,0,15986,5470,0,0.046520441091208,0
15986,5477,Left Wing,2112,0,0,0,15986,5477,0,0.4369431420110468,0
15986,5492,Left Center Back,5630,0,0,0,15986,5492,0,0.3924162985606064,0
15986,5503,Right Center Forward,12359,0,0,0,15986,5503,0,0.00035534708197,0
15986,6351,Left Center Forward,6216,0,0,1,15986,6351,1,0.4096840967792203,0
15986,6374,Right Back,10240,0,0,0,15986,6374,0,0.0043307656737022,0
15986,6560,Left Wing Back,6775,0,0,0,15986,6560,0,0.1618272357495923,0
15986,6565,Right Center Midfield,6887,0,0,0,15986,6565,0,0.0087152004133151,0
15986,6567,Left Center Midfield,6450,0,0,0,15986,6567,0,0.0286095716167165,0
15986,6570,Right Center Midfield,4893,0,0,0,15986,6570,0,0.474832720212864,0
15986,6572,Left Center Back,5377,0,0,0,15986,6572,0,0.0303590664099852,0
15986,6573,Center Back,4392,0,0,0,15986,6573,0,0.4097485500500183,0
15986,6574,Center Defensive Midfield,3263,0,0,0,15986,6574,0,0.6331370123658568,0
15986,6578,Right Wing Back,6202,0,0,0,15986,6578,0,0.1143039555430188,0
15986,6579,Right Center Back,3775,0,0,1,15986,6579,1,0.434497831149948,0
15986,6582,Right Center Forward,3884,0,0,1,15986,6582,1,0.3013107958587281,0
15986,6785,Goalkeeper,4098,0,0,0,15986,6785,0,0.5166659680192132,0
15986,6826,Left Center Back,1016,0,0,0,15986,6826,0,0.8054287581132203,1
15986,6888,Left Center Midfield,1691,0,0,0,15986,6888,0,0.6907800901711617,0
15986,8206,Right Center Midfield,5271,0,0,0,15986,8206,0,0.1013389752316371,0
15986,11392,Left Center Midfield,5962,0,0,0,15986,11392,0,0.0393410231612892,0
15986,17276,Right Center Forward,781,0,0,1,15986,17276,1,0.9162049829426006,1
15986,20055,Goalkeeper,2769,0,0,0,15986,20055,0,0.2372301665369465,0
15998,3109,Left Wing,1392,0,0,1,15998,3109,1,0.8729760491649626,1
15998,3501,Left Center Midfield,12815,0,0,0,15998,3501,0,0.0169751075445145,0
15998,3991,Right Wing,804,0,0,1,15998,3991,1,0.9027853461462478,1
15998,5203,Center Defensive Midfield,15682,0,0,0,15998,5203,0,0.00269491018539,0
15998,5211,Left Back,5653,0,0,0,15998,5211,0,0.3177349085142891,0
15998,5213,Right Center Back,11877,0,0,0,15998,5213,0,0.0008620148623287,0
15998,5246,Center Forward,3828,0,0,0,15998,5246,0,0.622182214921588,0
15998,5470,Right Center Midfield,12704,0,0,0,15998,5470,0,0.0054792728089396,0
15998,5477,Left Wing,5838,0,0,0,15998,5477,0,0.2382115871993946,0
15998,5492,Left Center Back,11378,0,0,0,15998,5492,0,0.0041928066744115,0
15998,5503,Right Wing,12493,0,0,0,15998,5503,0,0.0064372061976848,0
15998,6301,Center Forward,7028,0,0,0,15998,6301,0,0.7146700743339824,0
15998,6332,Left Back,3866,0,0,0,15998,6332,0,0.4104507983471219,0
15998,6379,Right Back,11914,0,0,0,15998,6379,0,0.0093563581051782,0
15998,6598,Center Back,2433,0,0,0,15998,6598,0,0.6612821852468318,0
15998,6599,Left Center Midfield,5112,0,0,0,15998,6599,0,0.1967266758344791,0
15998,6601,Left Center Back,3006,0,0,0,15998,6601,0,0.3921336033215225,0
15998,6608,Right Wing,3757,0,0,0,15998,6608,0,0.7901248106785778,1
15998,6610,Goalkeeper,2157,0,0,0,15998,6610,0,0.6160424324256178,0
15998,6616,Center Forward,2066,0,0,1,15998,6616,1,0.518902296407137,0
15998,6666,Right Center Midfield,1041,0,0,1,15998,6666,1,0.8453388949297178,1
15998,6667,Right Center Midfield,4274,0,0,1,15998,6667,1,0.8530749007599544,1
15998,6738,Right Wing Back,5284,0,0,0,15998,6738,0,0.296484450130341,0
15998,6834,Left Wing,1478,0,0,1,15998,6834,1,0.8995879340475896,1
15998,11730,Left Wing Back,4590,0,0,0,15998,11730,0,0.5156203743896146,0
15998,16212,Left Wing,5002,0,0,1,15998,16212,1,0.8022630366366114,1
15998,17818,Right Center Back,2025,0,0,0,15998,17818,0,0.6538146300756561,0
15998,20055,Goalkeeper,4332,0,0,0,15998,20055,0,0.2573552061803335,0
16010,3023,Left Midfield,4442,0,0,0,16010,3023,0,0.0789564294511012,0
16010,3501,Left Wing,9437,0,0,0,16010,3501,0,0.0104627363111626,0
16010,5203,Right Defensive Midfield,9573,0,0,0,16010,5203,0,0.0161447941082815,0
16010,5211,Left Back,9485,0,0,0,16010,5211,0,0.0251339426868055,0
16010,5213,Right Center Back,11591,0,0,0,16010,5213,0,0.005281871158847,0
16010,5246,Center Forward,8832,0,0,0,16010,5246,0,0.0113472287753532,0
16010,5470,Left Defensive Midfield,15384,0,0,0,16010,5470,0,0.0003120257454161,0
16010,5477,Right Wing,6560,0,0,0,16010,5477,0,0.2945318445880391,0
16010,5503,Center Attacking Midfield,6839,0,0,0,16010,5503,0,0.0719510261630774,0
16010,6374,Right Back,9316,0,0,0,16010,6374,0,0.0182962333305987,0
16010,6379,Center Defensive Midfield,3636,0,0,0,16010,6379,0,0.2536544555667163,0
16010,6389,Left Defensive Midfield,2040,0,0,1,16010,6389,1,0.7797476034267146,1
16010,6390,Right Midfield,4993,0,0,0,16010,6390,0,0.280943356666503,0
16010,6391,Right Center Forward,6454,0,0,0,16010,6391,0,0.6156580057649661,0
16010,6393,Left Center Forward,3726,0,0,0,16010,6393,0,0.7838170830687632,1
16010,6394,Left Center Forward,2674,0,0,0,16010,6394,0,0.7618686057576048,1
16010,6396,Left Defensive Midfield,2983,0,0,1,16010,6396,1,0.5312705713994622,0
16010,6616,Right Wing,1990,0,0,0,16010,6616,0,0.7621493961927996,1
16010,6649,Right Back,5443,0,0,0,16010,6649,0,0.2796783226133903,0
16010,6665,Left Center Back,316,0,0,0,16010,6665,0,0.8646573930780714,1
16010,6775,Right Defensive Midfield,5190,0,0,0,16010,6775,0,0.0947858437926133,0
16010,6789,Left Back,3017,0,0,0,16010,6789,0,0.7067167755282951,0
16010,6826,Left Center Back,9649,0,0,0,16010,6826,0,0.0360388520807037,0
16010,6877,Right Center Back,4881,0,0,0,16010,6877,0,0.1756139670334294,0
16010,8206,Right Center Midfield,3561,0,0,0,16010,8206,0,0.184902154780175,0
16010,11744,Left Center Back,2626,0,0,0,16010,11744,0,0.3295913495703428,0
16010,11748,Goalkeeper,3121,0,0,0,16010,11748,0,0.4982601119892613,0
16010,20055,Goalkeeper,3256,0,0,0,16010,20055,0,0.5187575449762817,0
16023,3437,Left Defensive Midfield,2033,0,0,0,16023,3437,0,0.7892264496271032,1
16023,3457,Right Center Forward,5480,0,0,1,16023,3457,1,0.3793542629701986,0
16023,3501,Left Wing,12579,0,0,0,16023,3501,0,0.0006352304339039,0
16023,4367,Left Midfield,104,0,0,1,16023,4367,1,0.9446286303553016,1
16023,5186,Left Midfield,8013,0,0,0,16023,5186,0,0.1246056445346089,0
16023,5203,Center Defensive Midfield,19808,0,0,0,16023,5203,0,5.5169779078392666e-05,0
16023,5211,Left Back,18485,0,0,0,16023,5211,0,0.001096039420246,0
16023,5213,Right Center Back,10875,0,0,0,16023,5213,0,0.0147541752167684,0
16023,5246,Center Forward,7592,0,0,0,16023,5246,0,0.0297985312878729,0
16023,5470,Right Center Midfield,18145,0,0,0,16023,5470,0,0.0003253986869806,0
16023,5477,Left Wing,3234,0,0,0,16023,5477,0,0.7281548958246034,0
16023,5503,Right Wing,15290,0,0,0,16023,5503,0,0.0040162893381062,0
16023,5718,Left Center Forward,2710,0,0,1,16023,5718,1,0.8292111035482369,1
16023,6332,Left Center Back,10592,0,0,0,16023,6332,0,0.0366549141079801,0
16023,6374,Right Back,9544,0,0,0,16023,6374,0,0.0382665297685881,0
16023,6401,Left Center Forward,2930,0,0,1,16023,6401,1,0.6710967753110143,0
16023,6583,Right Midfield,5787,0,0,0,16023,6583,0,0.369950707420073,0
16023,6589,Left Defensive Midfield,5027,0,0,0,16023,6589,0,0.1131789773684765,0
16023,6590,Goalkeeper,2547,0,0,0,16023,6590,0,0.6213182074025284,0
16023,6595,Right Defensive Midfield,8983,0,0,0,16023,6595,0,0.1399023037448775,0
16023,6596,Left Back,5792,0,0,0,16023,6596,0,0.256026913704809,0
16023,6746,Left Center Back,3405,0,0,1,16023,6746,1,0.388013585296881,0
16023,6891,Right Center Back,2946,0,0,0,16023,6891,0,0.5163987113557349,0
16023,6998,Left Center Midfield,2342,0,0,0,16023,6998,0,0.7947723279306046,1
16023,11392,Left Center Midfield,21164,0,0,0,16023,11392,0,8.854744064395167e-05,0
16023,11634,Right Back,3984,0,0,0,16023,11634,0,0.0420078635374559,0
16023,20055,Goalkeeper,2849,0,0,0,16023,20055,0,0.5808276471931612,0
16029,3501,Left Wing,7475,0,0,0,16029,3501,0,0.0590911948405754,0
16029,3610,Center Midfield,3582,0,0,1,16029,3610,1,0.5748200726800107,0
16029,5203,Center Defensive Midfield,8210,0,0,0,16029,5203,0,0.7150776134994179,0
16029,5211,Left Back,6879,0,0,0,16029,5211,0,0.0584416640878171,0
16029,5213,Right Center Back,6094,0,0,0,16029,5213,0,0.0662148774770165,0
16029,5218,Right Center Forward,5437,0,0,0,16029,5218,0,0.4859800081406553,0
16029,5246,Center Forward,7175,0,0,0,16029,5246,0,0.0644152396706942,0
16029,5470,Right Center Midfield,9760,0,0,0,16029,5470,0,0.0509249853487742,0
16029,5477,Right Wing,7562,0,0,0,16029,5477,0,0.118183738599749,0
16029,5503,Right Wing,370,0,0,1,16029,5503,1,0.8345563540212727,1
16029,5504,Left Attacking Midfield,12141,0,0,0,16029,5504,0,0.0067901232281182,0
16029,5534,Center Back,1915,0,0,0,16029,5534,0,0.5611840426753578,0
16029,5742,Right Center Back,2445,0,0,1,16029,5742,1,0.7926758822127962,1
16029,6334,Right Center Forward,2403,0,0,1,16029,6334,1,0.8676743523948568,1
16029,6374,Right Back,8646,0,0,0,16029,6374,0,0.0226656197764901,0
16029,6379,Left Center Midfield,5926,0,0,0,16029,6379,0,0.3266184363688546,0
16029,6616,Center Forward,1477,0,0,0,16029,6616,0,0.8165593923391503,1
16029,6719,Left Attacking Midfield,4948,0,0,0,16029,6719,0,0.4917049605836188,0
16029,6720,Right Attacking Midfield,8550,1,0,0,16029,6720,0,6.6165176473822e-06,0
16029,6723,Left Center Forward,7203,0,0,0,16029,6723,0,0.1100249418765511,0
16029,6804,Left Center Back,5844,0,0,0,16029,6804,0,0.4041496860814922,0
16029,6821,Right Wing Back,7949,0,0,0,16029,6821,0,0.0767499903013619,0
16029,6825,Center Back,5088,0,0,0,16029,6825,0,0.7111289299138481,0
16029,6826,Left Center Back,5228,0,1,0,16029,6826,0,0.0432011854081407,0
16029,6919,Left Wing Back,6845,0,0,0,16029,6919,0,0.105832724159063,0
16029,11392,Left Center Midfield,3938,0,0,0,16029,11392,0,0.1701733915421037,0
16029,11541,Goalkeeper,4888,0,0,0,16029,11541,0,0.4707836627370851,0
16029,20055,Goalkeeper,4367,0,0,0,16029,20055,0,0.4433565750002924,0
16056,3109,Left Wing,2086,0,0,1,16056,3109,1,0.8298148420258569,1
16056,3313,Left Wing,7025,0,0,0,16056,3313,0,0.017462517051164,0
16056,5203,Center Defensive Midfield,4723,0,0,0,16056,5203,0,0.0629895510464487,0
16056,5211,Left Back,9068,0,0,0,16056,5211,0,0.0800116988579999,0
16056,5213,Right Center Back,6382,0,0,0,16056,5213,0,0.1002895546265943,0
16056,5214,Left Defensive Midfield,7272,0,0,0,16056,5214,0,0.0261120462195387,0
16056,5246,Center Forward,6351,0,0,0,16056,5246,0,0.2984978705128333,0
16056,5470,Center Defensive Midfield,8442,0,0,0,16056,5470,0,0.0474019284003641,0
16056,5503,Right Wing,10499,0,0,0,16056,5503,0,0.0076475523965815,0
16056,5563,Right Defensive Midfield,7403,0,0,0,16056,5563,0,0.23101751098825,0
16056,5687,Left Wing,645,0,0,1,16056,5687,1,0.8677856677922752,1
16056,6379,Right Back,7226,0,0,0,16056,6379,0,0.0544798359170493,0
16056,6616,Left Wing,3192,0,0,0,16056,6616,0,0.6829929589459459,0
16056,6648,Right Center Back,6914,0,0,0,16056,6648,0,0.0573011845148498,0
16056,6651,Left Center Forward,3387,0,0,1,16056,6651,1,0.3862359407380817,0
16056,6657,Center Forward,2250,0,0,0,16056,6657,0,0.765004809436894,1
16056,6658,Right Wing Back,6389,0,0,0,16056,6658,0,0.1545952429961091,0
16056,6673,Right Wing,4892,0,0,0,16056,6673,0,0.5692757094589553,0
16056,6777,Left Center Back,4838,0,0,0,16056,6777,0,0.2913583598437112,0
16056,6792,Goalkeeper,3610,0,0,0,16056,6792,0,0.4762065097015954,0
16056,6826,Left Center Back,6267,0,0,0,16056,6826,0,0.151421498607515,0
16056,7068,Center Back,4651,0,0,0,16056,7068,0,0.2163250199141296,0
16056,7910,Center Forward,4606,0,0,1,16056,7910,1,0.2609921901280903,0
16056,8206,Left Defensive Midfield,6098,0,0,0,16056,8206,0,0.6203616235696893,0
16056,11392,Left Center Midfield,2346,0,0,0,16056,11392,0,0.3854080153013116,0
16056,13599,Right Defensive Midfield,4417,0,0,0,16056,13599,0,0.5626828111244232,0
16056,17304,Left Wing Back,6136,0,0,0,16056,17304,0,0.2884828330061398,0
16056,20055,Goalkeeper,3223,0,0,0,16056,20055,0,0.271761943329159,0
